brand,n
TerraVita Premium Collection,4005
Hawaii Pharm,1874
Herbal Terra,1318
Puritan's Pride,666
NOW,550
Bluebonnet,522
TerraVita,514
Nature's Way,507
Pure Encapsulations,407
SuperSmart,361
Swanson,360
Source Naturals,332
Solaray,276
NaturesPlus,265
Nature's Truth,260
Nutricost,238
XYMOGEN,230
DaVinci Laboratories,223
Dr. Mercola,210
Life Extension,203
Carlson,201
Eclectic Herb,187
Metagenics,178
Jarrow Formulas,176
NutraBio,173
Kirkman,172
California Gold Nutrition,154
Ancient Nutrition,151
CATALO,149
Thorne,142
